event_id,timestamp,event_type,node_id,peer_id,connection_id
EVT000001,2025-10-14T17:45:20.639075,peer_connect,N0001,N0000,CONN000001
EVT000002,2025-10-14T17:43:43.639075,peer_connect,N0000,N0002,CONN000002
EVT000003,2025-10-14T17:45:00.639075,peer_connect,N0003,N0000,CONN000003
EVT000004,2025-10-14T17:44:54.639075,peer_connect,N0004,N0000,CONN000004
EVT000005,2025-10-14T17:45:51.639075,peer_connect,N0000,N0005,CONN000005
EVT000006,2025-10-14T17:46:42.639075,peer_connect,N0006,N0000,CONN000006
EVT000007,2025-10-14T17:47:35.639075,peer_connect,N0000,N0007,CONN000007
EVT000008,2025-10-14T17:47:32.639075,peer_connect,N0010,N0000,CONN000008
EVT000009,2025-10-14T17:44:51.639075,peer_connect,N0000,N0013,CONN000009
EVT000010,2025-10-14T17:43:45.639075,peer_connect,N0018,N0000,CONN000010
EVT000011,2025-10-14T17:46:14.639075,peer_connect,N0021,N0000,CONN000011
EVT000012,2025-10-14T17:45:52.639075,peer_connect,N0000,N0025,CONN000012
EVT000013,2025-10-14T17:47:17.639075,peer_connect,N0000,N0041,CONN000013
EVT000014,2025-10-14T17:47:18.639075,peer_connect,N0000,N0043,CONN000014
EVT000015,2025-10-14T17:46:40.639075,peer_connect,N0049,N0000,CONN000015
EVT000016,2025-10-14T17:47:10.639075,peer_connect,N0000,N0053,CONN000016
EVT000017,2025-10-14T17:43:40.639075,peer_connect,N0054,N0000,CONN000017
EVT000018,2025-10-14T17:47:10.639075,peer_connect,N0000,N0062,CONN000018
EVT000019,2025-10-14T17:44:44.639075,peer_connect,N0000,N0067,CONN000019
EVT000020,2025-10-14T17:44:58.639075,peer_connect,N0068,N0000,CONN000020
EVT000021,2025-10-14T17:47:32.639075,peer_connect,N0074,N0000,CONN000021
EVT000022,2025-10-14T17:44:21.639075,peer_connect,N0000,N0094,CONN000022
EVT000023,2025-10-14T17:46:38.639075,peer_connect,N0000,N0095,CONN000023
EVT000024,2025-10-14T17:46:46.639075,peer_connect,N0000,N0103,CONN000024
EVT000025,2025-10-14T17:47:20.639075,peer_connect,N0000,N0120,CONN000025
EVT000026,2025-10-14T17:48:27.639075,peer_connect,N0000,N0137,CONN000026
EVT000027,2025-10-14T17:47:24.639075,peer_connect,N0001,N0005,CONN000027
EVT000028,2025-10-14T17:44:14.639075,peer_connect,N0008,N0001,CONN000028
EVT000029,2025-10-14T17:45:29.639075,peer_connect,N0012,N0001,CONN000029
EVT000030,2025-10-14T17:48:09.639075,peer_connect,N0031,N0001,CONN000030
EVT000031,2025-10-14T17:47:51.639075,peer_connect,N0001,N0032,CONN000031
EVT000032,2025-10-14T17:45:03.639075,peer_connect,N0001,N0043,CONN000032
EVT000033,2025-10-14T17:48:20.639075,peer_connect,N0001,N0047,CONN000033
EVT000034,2025-10-14T17:44:35.639075,peer_connect,N0051,N0001,CONN000034
EVT000035,2025-10-14T17:47:36.639075,peer_connect,N0001,N0069,CONN000035
EVT000036,2025-10-14T17:44:02.639075,peer_connect,N0070,N0001,CONN000036
EVT000037,2025-10-14T17:45:37.639075,peer_connect,N0094,N0001,CONN000037
EVT000038,2025-10-14T17:47:51.639075,peer_connect,N0123,N0001,CONN000038
EVT000039,2025-10-14T17:44:09.639075,peer_connect,N0001,N0129,CONN000039
EVT000040,2025-10-14T17:45:31.639075,peer_connect,N0004,N0002,CONN000040
EVT000041,2025-10-14T17:46:19.639075,peer_connect,N0002,N0006,CONN000041
EVT000042,2025-10-14T17:47:52.639075,peer_connect,N0004,N0003,CONN000042
EVT000043,2025-10-14T17:44:18.639075,peer_connect,N0013,N0003,CONN000043
EVT000044,2025-10-14T17:43:34.639075,peer_connect,N0014,N0003,CONN000044
EVT000045,2025-10-14T17:43:41.639075,peer_connect,N0018,N0003,CONN000045
EVT000046,2025-10-14T17:45:49.639075,peer_connect,N0019,N0003,CONN000046
EVT000047,2025-10-14T17:44:44.639075,peer_connect,N0003,N0027,CONN000047
EVT000048,2025-10-14T17:48:02.639075,peer_connect,N0003,N0029,CONN000048
EVT000049,2025-10-14T17:44:34.639075,peer_connect,N0003,N0034,CONN000049
EVT000050,2025-10-14T17:46:04.639075,peer_connect,N0003,N0036,CONN000050
EVT000051,2025-10-14T17:47:44.639075,peer_connect,N0044,N0003,CONN000051
EVT000052,2025-10-14T17:43:47.639075,peer_connect,N0003,N0046,CONN000052
EVT000053,2025-10-14T17:43:38.639075,peer_connect,N0050,N0003,CONN000053
EVT000054,2025-10-14T17:44:14.639075,peer_connect,N0065,N0003,CONN000054
EVT000055,2025-10-14T17:47:38.639075,peer_connect,N0003,N0075,CONN000055
EVT000056,2025-10-14T17:44:12.639075,peer_connect,N0078,N0003,CONN000056
EVT000057,2025-10-14T17:44:46.639075,peer_connect,N0003,N0081,CONN000057
EVT000058,2025-10-14T17:47:09.639075,peer_connect,N0086,N0003,CONN000058
EVT000059,2025-10-14T17:45:12.639075,peer_connect,N0096,N0003,CONN000059
EVT000060,2025-10-14T17:48:04.639075,peer_connect,N0003,N0112,CONN000060
EVT000061,2025-10-14T17:43:45.639075,peer_connect,N0003,N0119,CONN000061
EVT000062,2025-10-14T17:47:14.639075,peer_connect,N0003,N0138,CONN000062
EVT000063,2025-10-14T17:47:18.639075,peer_connect,N0005,N0004,CONN000063
EVT000064,2025-10-14T17:45:10.639075,peer_connect,N0009,N0004,CONN000064
EVT000065,2025-10-14T17:47:47.639075,peer_connect,N0010,N0004,CONN000065
EVT000066,2025-10-14T17:45:42.639075,peer_connect,N0004,N0011,CONN000066
EVT000067,2025-10-14T17:44:01.639075,peer_connect,N0012,N0004,CONN000067
EVT000068,2025-10-14T17:44:10.639075,peer_connect,N0016,N0004,CONN000068
EVT000069,2025-10-14T17:46:58.639075,peer_connect,N0004,N0020,CONN000069
EVT000070,2025-10-14T17:44:22.639075,peer_connect,N0021,N0004,CONN000070
EVT000071,2025-10-14T17:47:11.639075,peer_connect,N0025,N0004,CONN000071
EVT000072,2025-10-14T17:47:39.639075,peer_connect,N0029,N0004,CONN000072
EVT000073,2025-10-14T17:44:01.639075,peer_connect,N0030,N0004,CONN000073
EVT000074,2025-10-14T17:47:23.639075,peer_connect,N0004,N0034,CONN000074
EVT000075,2025-10-14T17:47:06.639075,peer_connect,N0004,N0037,CONN000075
EVT000076,2025-10-14T17:46:29.639075,peer_connect,N0004,N0038,CONN000076
EVT000077,2025-10-14T17:44:41.639075,peer_connect,N0004,N0052,CONN000077
EVT000078,2025-10-14T17:44:30.639075,peer_connect,N0004,N0055,CONN000078
EVT000079,2025-10-14T17:43:38.639075,peer_connect,N0056,N0004,CONN000079
EVT000080,2025-10-14T17:45:15.639075,peer_connect,N0058,N0004,CONN000080
EVT000081,2025-10-14T17:47:08.639075,peer_connect,N0004,N0062,CONN000081
EVT000082,2025-10-14T17:46:22.639075,peer_connect,N0067,N0004,CONN000082
EVT000083,2025-10-14T17:45:20.639075,peer_connect,N0004,N0069,CONN000083
EVT000084,2025-10-14T17:44:06.639075,peer_connect,N0004,N0072,CONN000084
EVT000085,2025-10-14T17:47:08.639075,peer_connect,N0004,N0074,CONN000085
EVT000086,2025-10-14T17:47:15.639075,peer_connect,N0078,N0004,CONN000086
EVT000087,2025-10-14T17:46:37.639075,peer_connect,N0084,N0004,CONN000087
EVT000088,2025-10-14T17:48:17.639075,peer_connect,N0004,N0085,CONN000088
EVT000089,2025-10-14T17:45:19.639075,peer_connect,N0004,N0093,CONN000089
EVT000090,2025-10-14T17:45:19.639075,peer_connect,N0111,N0004,CONN000090
EVT000091,2025-10-14T17:47:40.639075,peer_connect,N0004,N0113,CONN000091
EVT000092,2025-10-14T17:48:11.639075,peer_connect,N0004,N0122,CONN000092
EVT000093,2025-10-14T17:47:19.639075,peer_connect,N0125,N0004,CONN000093
EVT000094,2025-10-14T17:47:50.639075,peer_connect,N0128,N0004,CONN000094
EVT000095,2025-10-14T17:47:14.639075,peer_connect,N0004,N0130,CONN000095
EVT000096,2025-10-14T17:44:00.639075,peer_connect,N0133,N0004,CONN000096
EVT000097,2025-10-14T17:46:29.639075,peer_connect,N0135,N0004,CONN000097
EVT000098,2025-10-14T17:44:56.639075,peer_connect,N0005,N0006,CONN000098
EVT000099,2025-10-14T17:44:15.639075,peer_connect,N0005,N0007,CONN000099
EVT000100,2025-10-14T17:43:36.639075,peer_connect,N0008,N0005,CONN000100
EVT000101,2025-10-14T17:44:51.639075,peer_connect,N0005,N0009,CONN000101
EVT000102,2025-10-14T17:43:38.639075,peer_connect,N0005,N0011,CONN000102
EVT000103,2025-10-14T17:47:47.639075,peer_connect,N0015,N0005,CONN000103
EVT000104,2025-10-14T17:44:01.639075,peer_connect,N0005,N0016,CONN000104
EVT000105,2025-10-14T17:44:11.639075,peer_connect,N0017,N0005,CONN000105
EVT000106,2025-10-14T17:44:30.639075,peer_connect,N0005,N0018,CONN000106
EVT000107,2025-10-14T17:45:19.639075,peer_connect,N0005,N0020,CONN000107
EVT000108,2025-10-14T17:47:56.639075,peer_connect,N0005,N0023,CONN000108
EVT000109,2025-10-14T17:47:37.639075,peer_connect,N0024,N0005,CONN000109
EVT000110,2025-10-14T17:47:22.639075,peer_connect,N0031,N0005,CONN000110
EVT000111,2025-10-14T17:47:01.639075,peer_connect,N0033,N0005,CONN000111
EVT000112,2025-10-14T17:46:57.639075,peer_connect,N0038,N0005,CONN000112
EVT000113,2025-10-14T17:44:36.639075,peer_connect,N0044,N0005,CONN000113
EVT000114,2025-10-14T17:46:48.639075,peer_connect,N0005,N0056,CONN000114
EVT000115,2025-10-14T17:44:07.639075,peer_connect,N0071,N0005,CONN000115
EVT000116,2025-10-14T17:46:21.639075,peer_connect,N0072,N0005,CONN000116
EVT000117,2025-10-14T17:46:04.639075,peer_connect,N0079,N0005,CONN000117
EVT000118,2025-10-14T17:45:41.639075,peer_connect,N0080,N0005,CONN000118
EVT000119,2025-10-14T17:44:47.639075,peer_connect,N0083,N0005,CONN000119
EVT000120,2025-10-14T17:45:13.639075,peer_connect,N0005,N0085,CONN000120
EVT000121,2025-10-14T17:44:16.639075,peer_connect,N0005,N0086,CONN000121
EVT000122,2025-10-14T17:46:14.639075,peer_connect,N0091,N0005,CONN000122
EVT000123,2025-10-14T17:44:50.639075,peer_connect,N0005,N0104,CONN000123
EVT000124,2025-10-14T17:47:38.639075,peer_connect,N0005,N0105,CONN000124
EVT000125,2025-10-14T17:45:54.639075,peer_connect,N0144,N0005,CONN000125
EVT000126,2025-10-14T17:47:05.639075,peer_connect,N0145,N0005,CONN000126
EVT000127,2025-10-14T17:45:30.639075,peer_connect,N0006,N0007,CONN000127
EVT000128,2025-10-14T17:48:01.639075,peer_connect,N0008,N0006,CONN000128
EVT000129,2025-10-14T17:45:24.639075,peer_connect,N0011,N0006,CONN000129
EVT000130,2025-10-14T17:47:09.639075,peer_connect,N0012,N0006,CONN000130
EVT000131,2025-10-14T17:44:46.639075,peer_connect,N0013,N0006,CONN000131
EVT000132,2025-10-14T17:45:23.639075,peer_connect,N0006,N0024,CONN000132
EVT000133,2025-10-14T17:48:14.639075,peer_connect,N0026,N0006,CONN000133
EVT000134,2025-10-14T17:45:21.639075,peer_connect,N0006,N0028,CONN000134
EVT000135,2025-10-14T17:43:37.639075,peer_connect,N0039,N0006,CONN000135
EVT000136,2025-10-14T17:45:50.639075,peer_connect,N0006,N0040,CONN000136
EVT000137,2025-10-14T17:48:17.639075,peer_connect,N0043,N0006,CONN000137
EVT000138,2025-10-14T17:43:43.639075,peer_connect,N0045,N0006,CONN000138
EVT000139,2025-10-14T17:44:42.639075,peer_connect,N0046,N0006,CONN000139
EVT000140,2025-10-14T17:44:19.639075,peer_connect,N0006,N0051,CONN000140
EVT000141,2025-10-14T17:47:53.639075,peer_connect,N0006,N0057,CONN000141
EVT000142,2025-10-14T17:44:43.639075,peer_connect,N0064,N0006,CONN000142
EVT000143,2025-10-14T17:45:47.639075,peer_connect,N0066,N0006,CONN000143
EVT000144,2025-10-14T17:43:53.639075,peer_connect,N0006,N0076,CONN000144
EVT000145,2025-10-14T17:47:10.639075,peer_connect,N0006,N0077,CONN000145
EVT000146,2025-10-14T17:46:36.639075,peer_connect,N0006,N0083,CONN000146
EVT000147,2025-10-14T17:46:29.639075,peer_connect,N0091,N0006,CONN000147
EVT000148,2025-10-14T17:43:37.639075,peer_connect,N0006,N0093,CONN000148
EVT000149,2025-10-14T17:43:48.639075,peer_connect,N0099,N0006,CONN000149
EVT000150,2025-10-14T17:47:57.639075,peer_connect,N0107,N0006,CONN000150
EVT000151,2025-10-14T17:44:25.639075,peer_connect,N0114,N0006,CONN000151
EVT000152,2025-10-14T17:43:36.639075,peer_connect,N0118,N0006,CONN000152
EVT000153,2025-10-14T17:47:53.639075,peer_connect,N0119,N0006,CONN000153
EVT000154,2025-10-14T17:45:34.639075,peer_connect,N0134,N0006,CONN000154
EVT000155,2025-10-14T17:43:48.639075,peer_connect,N0139,N0006,CONN000155
EVT000156,2025-10-14T17:47:24.639075,peer_connect,N0143,N0006,CONN000156
EVT000157,2025-10-14T17:48:02.639075,peer_connect,N0009,N0007,CONN000157
EVT000158,2025-10-14T17:47:06.639075,peer_connect,N0007,N0010,CONN000158
EVT000159,2025-10-14T17:46:35.639075,peer_connect,N0014,N0007,CONN000159
EVT000160,2025-10-14T17:46:05.639075,peer_connect,N0015,N0007,CONN000160
EVT000161,2025-10-14T17:43:48.639075,peer_connect,N0007,N0019,CONN000161
EVT000162,2025-10-14T17:43:57.639075,peer_connect,N0020,N0007,CONN000162
EVT000163,2025-10-14T17:43:33.639075,peer_connect,N0021,N0007,CONN000163
EVT000164,2025-10-14T17:45:38.639075,peer_connect,N0025,N0007,CONN000164
EVT000165,2025-10-14T17:48:16.639075,peer_connect,N0030,N0007,CONN000165
EVT000166,2025-10-14T17:43:35.639075,peer_connect,N0033,N0007,CONN000166
EVT000167,2025-10-14T17:43:38.639075,peer_connect,N0007,N0041,CONN000167
EVT000168,2025-10-14T17:44:16.639075,peer_connect,N0044,N0007,CONN000168
EVT000169,2025-10-14T17:45:56.639075,peer_connect,N0049,N0007,CONN000169
EVT000170,2025-10-14T17:45:03.639075,peer_connect,N0056,N0007,CONN000170
EVT000171,2025-10-14T17:48:00.639075,peer_connect,N0007,N0058,CONN000171
EVT000172,2025-10-14T17:44:33.639075,peer_connect,N0007,N0064,CONN000172
EVT000173,2025-10-14T17:45:50.639075,peer_connect,N0074,N0007,CONN000173
EVT000174,2025-10-14T17:45:34.639075,peer_connect,N0082,N0007,CONN000174
EVT000175,2025-10-14T17:44:07.639075,peer_connect,N0086,N0007,CONN000175
EVT000176,2025-10-14T17:44:32.639075,peer_connect,N0007,N0087,CONN000176
EVT000177,2025-10-14T17:47:18.639075,peer_connect,N0007,N0110,CONN000177
EVT000178,2025-10-14T17:45:14.639075,peer_connect,N0007,N0111,CONN000178
EVT000179,2025-10-14T17:47:09.639075,peer_connect,N0123,N0007,CONN000179
EVT000180,2025-10-14T17:45:50.639075,peer_connect,N0126,N0007,CONN000180
EVT000181,2025-10-14T17:44:07.639075,peer_connect,N0007,N0132,CONN000181
EVT000182,2025-10-14T17:44:16.639075,peer_connect,N0014,N0008,CONN000182
EVT000183,2025-10-14T17:44:12.639075,peer_connect,N0022,N0008,CONN000183
EVT000184,2025-10-14T17:43:32.639075,peer_connect,N0008,N0035,CONN000184
EVT000185,2025-10-14T17:44:17.639075,peer_connect,N0008,N0039,CONN000185
EVT000186,2025-10-14T17:47:35.639075,peer_connect,N0058,N0008,CONN000186
EVT000187,2025-10-14T17:45:23.639075,peer_connect,N0061,N0008,CONN000187
EVT000188,2025-10-14T17:48:04.639075,peer_connect,N0008,N0071,CONN000188
EVT000189,2025-10-14T17:43:47.639075,peer_connect,N0008,N0080,CONN000189
EVT000190,2025-10-14T17:44:40.639075,peer_connect,N0008,N0083,CONN000190
EVT000191,2025-10-14T17:47:30.639075,peer_connect,N0088,N0008,CONN000191
EVT000192,2025-10-14T17:45:19.639075,peer_connect,N0008,N0133,CONN000192
EVT000193,2025-10-14T17:47:17.639075,peer_connect,N0026,N0009,CONN000193
EVT000194,2025-10-14T17:44:14.639075,peer_connect,N0042,N0009,CONN000194
EVT000195,2025-10-14T17:45:40.639075,peer_connect,N0009,N0057,CONN000195
EVT000196,2025-10-14T17:44:07.639075,peer_connect,N0009,N0105,CONN000196
EVT000197,2025-10-14T17:45:47.639075,peer_connect,N0138,N0009,CONN000197
EVT000198,2025-10-14T17:45:57.639075,peer_connect,N0017,N0010,CONN000198
EVT000199,2025-10-14T17:43:58.639075,peer_connect,N0019,N0010,CONN000199
EVT000200,2025-10-14T17:44:27.639075,peer_connect,N0023,N0010,CONN000200
EVT000201,2025-10-14T17:47:34.639075,peer_connect,N0010,N0024,CONN000201
EVT000202,2025-10-14T17:48:17.639075,peer_connect,N0010,N0040,CONN000202
EVT000203,2025-10-14T17:43:34.639075,peer_connect,N0048,N0010,CONN000203
EVT000204,2025-10-14T17:43:32.639075,peer_connect,N0053,N0010,CONN000204
EVT000205,2025-10-14T17:45:16.639075,peer_connect,N0060,N0010,CONN000205
EVT000206,2025-10-14T17:48:14.639075,peer_connect,N0063,N0010,CONN000206
EVT000207,2025-10-14T17:46:53.639075,peer_connect,N0066,N0010,CONN000207
EVT000208,2025-10-14T17:47:13.639075,peer_connect,N0010,N0095,CONN000208
EVT000209,2025-10-14T17:44:14.639075,peer_connect,N0010,N0098,CONN000209
EVT000210,2025-10-14T17:47:59.639075,peer_connect,N0109,N0010,CONN000210
EVT000211,2025-10-14T17:45:44.639075,peer_connect,N0010,N0112,CONN000211
EVT000212,2025-10-14T17:47:02.639075,peer_connect,N0010,N0114,CONN000212
EVT000213,2025-10-14T17:43:51.639075,peer_connect,N0129,N0010,CONN000213
EVT000214,2025-10-14T17:46:15.639075,peer_connect,N0090,N0011,CONN000214
EVT000215,2025-10-14T17:46:08.639075,peer_connect,N0100,N0011,CONN000215
EVT000216,2025-10-14T17:45:58.639075,peer_connect,N0011,N0104,CONN000216
EVT000217,2025-10-14T17:44:20.639075,peer_connect,N0011,N0127,CONN000217
EVT000218,2025-10-14T17:46:10.639075,peer_connect,N0012,N0015,CONN000218
EVT000219,2025-10-14T17:43:52.639075,peer_connect,N0022,N0012,CONN000219
EVT000220,2025-10-14T17:45:34.639075,peer_connect,N0029,N0012,CONN000220
EVT000221,2025-10-14T17:47:50.639075,peer_connect,N0012,N0046,CONN000221
EVT000222,2025-10-14T17:46:19.639075,peer_connect,N0012,N0047,CONN000222
EVT000223,2025-10-14T17:43:55.639075,peer_connect,N0012,N0050,CONN000223
EVT000224,2025-10-14T17:46:11.639075,peer_connect,N0051,N0012,CONN000224
EVT000225,2025-10-14T17:43:30.639075,peer_connect,N0055,N0012,CONN000225
EVT000226,2025-10-14T17:43:59.639075,peer_connect,N0012,N0068,CONN000226
EVT000227,2025-10-14T17:47:39.639075,peer_connect,N0012,N0097,CONN000227
EVT000228,2025-10-14T17:47:39.639075,peer_connect,N0098,N0012,CONN000228
EVT000229,2025-10-14T17:47:10.639075,peer_connect,N0099,N0012,CONN000229
EVT000230,2025-10-14T17:44:27.639075,peer_connect,N0101,N0012,CONN000230
EVT000231,2025-10-14T17:46:03.639075,peer_connect,N0012,N0128,CONN000231
EVT000232,2025-10-14T17:47:45.639075,peer_connect,N0136,N0012,CONN000232
EVT000233,2025-10-14T17:48:11.639075,peer_connect,N0143,N0012,CONN000233
EVT000234,2025-10-14T17:47:00.639075,peer_connect,N0148,N0012,CONN000234
EVT000235,2025-10-14T17:44:17.639075,peer_connect,N0013,N0035,CONN000235
EVT000236,2025-10-14T17:46:02.639075,peer_connect,N0059,N0013,CONN000236
EVT000237,2025-10-14T17:47:36.639075,peer_connect,N0013,N0079,CONN000237
EVT000238,2025-10-14T17:43:52.639075,peer_connect,N0013,N0097,CONN000238
EVT000239,2025-10-14T17:47:22.639075,peer_connect,N0122,N0013,CONN000239
EVT000240,2025-10-14T17:47:33.639075,peer_connect,N0014,N0016,CONN000240
EVT000241,2025-10-14T17:46:19.639075,peer_connect,N0017,N0014,CONN000241
EVT000242,2025-10-14T17:45:59.639075,peer_connect,N0027,N0014,CONN000242
EVT000243,2025-10-14T17:47:01.639075,peer_connect,N0030,N0014,CONN000243
EVT000244,2025-10-14T17:45:43.639075,peer_connect,N0014,N0032,CONN000244
EVT000245,2025-10-14T17:46:56.639075,peer_connect,N0048,N0014,CONN000245
EVT000246,2025-10-14T17:46:23.639075,peer_connect,N0014,N0059,CONN000246
EVT000247,2025-10-14T17:44:42.639075,peer_connect,N0014,N0087,CONN000247
EVT000248,2025-10-14T17:43:32.639075,peer_connect,N0014,N0103,CONN000248
EVT000249,2025-10-14T17:45:26.639075,peer_connect,N0014,N0115,CONN000249
EVT000250,2025-10-14T17:44:32.639075,peer_connect,N0149,N0014,CONN000250
EVT000251,2025-10-14T17:44:13.639075,peer_connect,N0015,N0089,CONN000251
EVT000252,2025-10-14T17:45:59.639075,peer_connect,N0015,N0113,CONN000252
EVT000253,2025-10-14T17:47:22.639075,peer_connect,N0015,N0114,CONN000253
EVT000254,2025-10-14T17:45:19.639075,peer_connect,N0015,N0134,CONN000254
EVT000255,2025-10-14T17:44:29.639075,peer_connect,N0022,N0016,CONN000255
EVT000256,2025-10-14T17:46:39.639075,peer_connect,N0028,N0016,CONN000256
EVT000257,2025-10-14T17:47:49.639075,peer_connect,N0048,N0016,CONN000257
EVT000258,2025-10-14T17:45:25.639075,peer_connect,N0053,N0016,CONN000258
EVT000259,2025-10-14T17:47:59.639075,peer_connect,N0061,N0016,CONN000259
EVT000260,2025-10-14T17:43:37.639075,peer_connect,N0066,N0016,CONN000260
EVT000261,2025-10-14T17:44:04.639075,peer_connect,N0016,N0102,CONN000261
EVT000262,2025-10-14T17:43:32.639075,peer_connect,N0106,N0016,CONN000262
EVT000263,2025-10-14T17:44:42.639075,peer_connect,N0116,N0016,CONN000263
EVT000264,2025-10-14T17:44:58.639075,peer_connect,N0016,N0121,CONN000264
EVT000265,2025-10-14T17:44:34.639075,peer_connect,N0016,N0126,CONN000265
EVT000266,2025-10-14T17:46:20.639075,peer_connect,N0016,N0135,CONN000266
EVT000267,2025-10-14T17:47:53.639075,peer_connect,N0018,N0088,CONN000267
EVT000268,2025-10-14T17:47:58.639075,peer_connect,N0018,N0091,CONN000268
EVT000269,2025-10-14T17:47:55.639075,peer_connect,N0127,N0018,CONN000269
EVT000270,2025-10-14T17:46:58.639075,peer_connect,N0019,N0033,CONN000270
EVT000271,2025-10-14T17:44:55.639075,peer_connect,N0052,N0019,CONN000271
EVT000272,2025-10-14T17:45:17.639075,peer_connect,N0019,N0076,CONN000272
EVT000273,2025-10-14T17:43:54.639075,peer_connect,N0090,N0019,CONN000273
EVT000274,2025-10-14T17:47:30.639075,peer_connect,N0023,N0020,CONN000274
EVT000275,2025-10-14T17:47:25.639075,peer_connect,N0020,N0073,CONN000275
EVT000276,2025-10-14T17:48:19.639075,peer_connect,N0020,N0121,CONN000276
EVT000277,2025-10-14T17:43:52.639075,peer_connect,N0140,N0020,CONN000277
EVT000278,2025-10-14T17:46:33.639075,peer_connect,N0020,N0145,CONN000278
EVT000279,2025-10-14T17:46:09.639075,peer_connect,N0021,N0069,CONN000279
EVT000280,2025-10-14T17:47:33.639075,peer_connect,N0027,N0022,CONN000280
EVT000281,2025-10-14T17:48:22.639075,peer_connect,N0031,N0022,CONN000281
EVT000282,2025-10-14T17:48:13.639075,peer_connect,N0022,N0034,CONN000282
EVT000283,2025-10-14T17:48:06.639075,peer_connect,N0045,N0022,CONN000283
EVT000284,2025-10-14T17:44:46.639075,peer_connect,N0022,N0068,CONN000284
EVT000285,2025-10-14T17:48:02.639075,peer_connect,N0022,N0071,CONN000285
EVT000286,2025-10-14T17:46:31.639075,peer_connect,N0092,N0022,CONN000286
EVT000287,2025-10-14T17:45:46.639075,peer_connect,N0093,N0022,CONN000287
EVT000288,2025-10-14T17:44:04.639075,peer_connect,N0122,N0022,CONN000288
EVT000289,2025-10-14T17:47:59.639075,peer_connect,N0022,N0148,CONN000289
EVT000290,2025-10-14T17:47:01.639075,peer_connect,N0057,N0023,CONN000290
EVT000291,2025-10-14T17:45:34.639075,peer_connect,N0023,N0076,CONN000291
EVT000292,2025-10-14T17:44:57.639075,peer_connect,N0137,N0023,CONN000292
EVT000293,2025-10-14T17:46:56.639075,peer_connect,N0023,N0149,CONN000293
EVT000294,2025-10-14T17:46:35.639075,peer_connect,N0024,N0039,CONN000294
EVT000295,2025-10-14T17:44:33.639075,peer_connect,N0137,N0024,CONN000295
EVT000296,2025-10-14T17:44:57.639075,peer_connect,N0025,N0026,CONN000296
EVT000297,2025-10-14T17:46:26.639075,peer_connect,N0025,N0036,CONN000297
EVT000298,2025-10-14T17:47:50.639075,peer_connect,N0025,N0045,CONN000298
EVT000299,2025-10-14T17:43:56.639075,peer_connect,N0025,N0047,CONN000299
EVT000300,2025-10-14T17:48:10.639075,peer_connect,N0025,N0060,CONN000300
EVT000301,2025-10-14T17:43:30.639075,peer_connect,N0065,N0025,CONN000301
EVT000302,2025-10-14T17:45:40.639075,peer_connect,N0025,N0082,CONN000302
EVT000303,2025-10-14T17:46:42.639075,peer_connect,N0084,N0025,CONN000303
EVT000304,2025-10-14T17:44:25.639075,peer_connect,N0104,N0025,CONN000304
EVT000305,2025-10-14T17:46:46.639075,peer_connect,N0115,N0025,CONN000305
EVT000306,2025-10-14T17:45:46.639075,peer_connect,N0025,N0121,CONN000306
EVT000307,2025-10-14T17:45:27.639075,peer_connect,N0026,N0028,CONN000307
EVT000308,2025-10-14T17:44:16.639075,peer_connect,N0026,N0036,CONN000308
EVT000309,2025-10-14T17:44:30.639075,peer_connect,N0073,N0026,CONN000309
EVT000310,2025-10-14T17:45:50.639075,peer_connect,N0026,N0088,CONN000310
EVT000311,2025-10-14T17:46:37.639075,peer_connect,N0136,N0026,CONN000311
EVT000312,2025-10-14T17:43:31.639075,peer_connect,N0026,N0147,CONN000312
EVT000313,2025-10-14T17:47:12.639075,peer_connect,N0027,N0037,CONN000313
EVT000314,2025-10-14T17:43:39.639075,peer_connect,N0027,N0038,CONN000314
EVT000315,2025-10-14T17:45:38.639075,peer_connect,N0080,N0027,CONN000315
EVT000316,2025-10-14T17:44:19.639075,peer_connect,N0042,N0029,CONN000316
EVT000317,2025-10-14T17:45:30.639075,peer_connect,N0063,N0029,CONN000317
EVT000318,2025-10-14T17:44:20.639075,peer_connect,N0070,N0029,CONN000318
EVT000319,2025-10-14T17:48:00.639075,peer_connect,N0101,N0029,CONN000319
EVT000320,2025-10-14T17:47:52.639075,peer_connect,N0117,N0029,CONN000320
EVT000321,2025-10-14T17:47:20.639075,peer_connect,N0029,N0123,CONN000321
EVT000322,2025-10-14T17:48:26.639075,peer_connect,N0141,N0029,CONN000322
EVT000323,2025-10-14T17:48:00.639075,peer_connect,N0029,N0147,CONN000323
EVT000324,2025-10-14T17:48:27.639075,peer_connect,N0030,N0032,CONN000324
EVT000325,2025-10-14T17:48:22.639075,peer_connect,N0030,N0054,CONN000325
EVT000326,2025-10-14T17:46:04.639075,peer_connect,N0030,N0131,CONN000326
EVT000327,2025-10-14T17:44:50.639075,peer_connect,N0143,N0030,CONN000327
EVT000328,2025-10-14T17:44:02.639075,peer_connect,N0067,N0031,CONN000328
EVT000329,2025-10-14T17:44:01.639075,peer_connect,N0031,N0084,CONN000329
EVT000330,2025-10-14T17:45:07.639075,peer_connect,N0031,N0100,CONN000330
EVT000331,2025-10-14T17:44:35.639075,peer_connect,N0055,N0033,CONN000331
EVT000332,2025-10-14T17:46:35.639075,peer_connect,N0145,N0033,CONN000332
EVT000333,2025-10-14T17:47:49.639075,peer_connect,N0035,N0034,CONN000333
EVT000334,2025-10-14T17:45:17.639075,peer_connect,N0034,N0037,CONN000334
EVT000335,2025-10-14T17:48:26.639075,peer_connect,N0034,N0040,CONN000335
EVT000336,2025-10-14T17:44:48.639075,peer_connect,N0034,N0052,CONN000336
EVT000337,2025-10-14T17:47:42.639075,peer_connect,N0063,N0034,CONN000337
EVT000338,2025-10-14T17:46:42.639075,peer_connect,N0034,N0064,CONN000338
EVT000339,2025-10-14T17:47:52.639075,peer_connect,N0034,N0102,CONN000339
EVT000340,2025-10-14T17:48:14.639075,peer_connect,N0136,N0034,CONN000340
EVT000341,2025-10-14T17:48:22.639075,peer_connect,N0139,N0034,CONN000341
EVT000342,2025-10-14T17:45:07.639075,peer_connect,N0034,N0141,CONN000342
EVT000343,2025-10-14T17:46:27.639075,peer_connect,N0036,N0042,CONN000343
EVT000344,2025-10-14T17:43:54.639075,peer_connect,N0078,N0037,CONN000344
EVT000345,2025-10-14T17:47:19.639075,peer_connect,N0108,N0037,CONN000345
EVT000346,2025-10-14T17:45:33.639075,peer_connect,N0125,N0037,CONN000346
EVT000347,2025-10-14T17:47:52.639075,peer_connect,N0037,N0131,CONN000347
EVT000348,2025-10-14T17:45:07.639075,peer_connect,N0124,N0038,CONN000348
EVT000349,2025-10-14T17:44:40.639075,peer_connect,N0139,N0038,CONN000349
EVT000350,2025-10-14T17:45:18.639075,peer_connect,N0039,N0041,CONN000350
EVT000351,2025-10-14T17:45:16.639075,peer_connect,N0079,N0039,CONN000351
EVT000352,2025-10-14T17:46:24.639075,peer_connect,N0049,N0041,CONN000352
EVT000353,2025-10-14T17:45:16.639075,peer_connect,N0041,N0065,CONN000353
EVT000354,2025-10-14T17:45:26.639075,peer_connect,N0042,N0081,CONN000354
EVT000355,2025-10-14T17:45:53.639075,peer_connect,N0042,N0110,CONN000355
EVT000356,2025-10-14T17:47:38.639075,peer_connect,N0059,N0043,CONN000356
EVT000357,2025-10-14T17:44:41.639075,peer_connect,N0043,N0109,CONN000357
EVT000358,2025-10-14T17:47:38.639075,peer_connect,N0054,N0044,CONN000358
EVT000359,2025-10-14T17:47:43.639075,peer_connect,N0044,N0110,CONN000359
EVT000360,2025-10-14T17:46:01.639075,peer_connect,N0044,N0116,CONN000360
EVT000361,2025-10-14T17:43:44.639075,peer_connect,N0050,N0045,CONN000361
EVT000362,2025-10-14T17:45:16.639075,peer_connect,N0089,N0045,CONN000362
EVT000363,2025-10-14T17:46:13.639075,peer_connect,N0045,N0126,CONN000363
EVT000364,2025-10-14T17:44:48.639075,peer_connect,N0045,N0127,CONN000364
EVT000365,2025-10-14T17:47:51.639075,peer_connect,N0045,N0140,CONN000365
EVT000366,2025-10-14T17:44:17.639075,peer_connect,N0072,N0046,CONN000366
EVT000367,2025-10-14T17:45:55.639075,peer_connect,N0046,N0092,CONN000367
EVT000368,2025-10-14T17:45:16.639075,peer_connect,N0046,N0142,CONN000368
EVT000369,2025-10-14T17:47:21.639075,peer_connect,N0047,N0108,CONN000369
EVT000370,2025-10-14T17:46:48.639075,peer_connect,N0130,N0047,CONN000370
EVT000371,2025-10-14T17:45:07.639075,peer_connect,N0048,N0087,CONN000371
EVT000372,2025-10-14T17:44:19.639075,peer_connect,N0149,N0048,CONN000372
EVT000373,2025-10-14T17:45:18.639075,peer_connect,N0049,N0060,CONN000373
EVT000374,2025-10-14T17:45:24.639075,peer_connect,N0073,N0049,CONN000374
EVT000375,2025-10-14T17:43:51.639075,peer_connect,N0075,N0051,CONN000375
EVT000376,2025-10-14T17:48:17.639075,peer_connect,N0096,N0051,CONN000376
EVT000377,2025-10-14T17:44:46.639075,peer_connect,N0116,N0051,CONN000377
EVT000378,2025-10-14T17:45:01.639075,peer_connect,N0120,N0051,CONN000378
EVT000379,2025-10-14T17:46:27.639075,peer_connect,N0128,N0051,CONN000379
EVT000380,2025-10-14T17:44:54.639075,peer_connect,N0053,N0097,CONN000380
EVT000381,2025-10-14T17:44:25.639075,peer_connect,N0053,N0132,CONN000381
EVT000382,2025-10-14T17:44:56.639075,peer_connect,N0061,N0054,CONN000382
EVT000383,2025-10-14T17:45:26.639075,peer_connect,N0118,N0054,CONN000383
EVT000384,2025-10-14T17:47:47.639075,peer_connect,N0138,N0055,CONN000384
EVT000385,2025-10-14T17:45:29.639075,peer_connect,N0056,N0070,CONN000385
EVT000386,2025-10-14T17:43:42.639075,peer_connect,N0099,N0056,CONN000386
EVT000387,2025-10-14T17:44:50.639075,peer_connect,N0107,N0056,CONN000387
EVT000388,2025-10-14T17:46:37.639075,peer_connect,N0056,N0108,CONN000388
EVT000389,2025-10-14T17:43:33.639075,peer_connect,N0111,N0056,CONN000389
EVT000390,2025-10-14T17:45:10.639075,peer_connect,N0056,N0112,CONN000390
EVT000391,2025-10-14T17:44:14.639075,peer_connect,N0082,N0058,CONN000391
EVT000392,2025-10-14T17:44:23.639075,peer_connect,N0129,N0059,CONN000392
EVT000393,2025-10-14T17:47:47.639075,peer_connect,N0059,N0146,CONN000393
EVT000394,2025-10-14T17:47:18.639075,peer_connect,N0062,N0061,CONN000394
EVT000395,2025-10-14T17:46:45.639075,peer_connect,N0061,N0124,CONN000395
EVT000396,2025-10-14T17:47:41.639075,peer_connect,N0062,N0115,CONN000396
EVT000397,2025-10-14T17:45:47.639075,peer_connect,N0075,N0064,CONN000397
EVT000398,2025-10-14T17:47:32.639075,peer_connect,N0067,N0094,CONN000398
EVT000399,2025-10-14T17:47:35.639075,peer_connect,N0069,N0077,CONN000399
EVT000400,2025-10-14T17:46:26.639075,peer_connect,N0095,N0069,CONN000400
EVT000401,2025-10-14T17:45:41.639075,peer_connect,N0109,N0070,CONN000401
EVT000402,2025-10-14T17:46:32.639075,peer_connect,N0077,N0071,CONN000402
EVT000403,2025-10-14T17:44:49.639075,peer_connect,N0071,N0103,CONN000403
EVT000404,2025-10-14T17:46:49.639075,peer_connect,N0106,N0074,CONN000404
EVT000405,2025-10-14T17:48:28.639075,peer_connect,N0074,N0124,CONN000405
EVT000406,2025-10-14T17:47:58.639075,peer_connect,N0075,N0132,CONN000406
EVT000407,2025-10-14T17:43:56.639075,peer_connect,N0081,N0076,CONN000407
EVT000408,2025-10-14T17:44:36.639075,peer_connect,N0076,N0085,CONN000408
EVT000409,2025-10-14T17:44:20.639075,peer_connect,N0117,N0077,CONN000409
EVT000410,2025-10-14T17:45:12.639075,peer_connect,N0090,N0078,CONN000410
EVT000411,2025-10-14T17:45:30.639075,peer_connect,N0080,N0096,CONN000411
EVT000412,2025-10-14T17:45:58.639075,peer_connect,N0080,N0135,CONN000412
EVT000413,2025-10-14T17:47:30.639075,peer_connect,N0081,N0089,CONN000413
EVT000414,2025-10-14T17:45:19.639075,peer_connect,N0085,N0092,CONN000414
EVT000415,2025-10-14T17:47:20.639075,peer_connect,N0085,N0107,CONN000415
EVT000416,2025-10-14T17:44:21.639075,peer_connect,N0088,N0100,CONN000416
EVT000417,2025-10-14T17:47:02.639075,peer_connect,N0102,N0089,CONN000417
EVT000418,2025-10-14T17:47:19.639075,peer_connect,N0093,N0101,CONN000418
EVT000419,2025-10-14T17:48:03.639075,peer_connect,N0113,N0094,CONN000419
EVT000420,2025-10-14T17:47:21.639075,peer_connect,N0095,N0098,CONN000420
EVT000421,2025-10-14T17:43:43.639075,peer_connect,N0095,N0117,CONN000421
EVT000422,2025-10-14T17:44:19.639075,peer_connect,N0097,N0120,CONN000422
EVT000423,2025-10-14T17:44:20.639075,peer_connect,N0125,N0097,CONN000423
EVT000424,2025-10-14T17:46:38.639075,peer_connect,N0133,N0098,CONN000424
EVT000425,2025-10-14T17:43:55.639075,peer_connect,N0098,N0141,CONN000425
EVT000426,2025-10-14T17:43:41.639075,peer_connect,N0144,N0098,CONN000426
EVT000427,2025-10-14T17:43:37.639075,peer_connect,N0148,N0098,CONN000427
EVT000428,2025-10-14T17:45:23.639075,peer_connect,N0105,N0101,CONN000428
EVT000429,2025-10-14T17:44:45.639075,peer_connect,N0106,N0102,CONN000429
EVT000430,2025-10-14T17:47:38.639075,peer_connect,N0142,N0108,CONN000430
EVT000431,2025-10-14T17:48:14.639075,peer_connect,N0130,N0111,CONN000431
EVT000432,2025-10-14T17:47:46.639075,peer_connect,N0114,N0118,CONN000432
EVT000433,2025-10-14T17:46:29.639075,peer_connect,N0119,N0116,CONN000433
EVT000434,2025-10-14T17:45:31.639075,peer_connect,N0140,N0116,CONN000434
EVT000435,2025-10-14T17:46:45.639075,peer_connect,N0134,N0120,CONN000435
EVT000436,2025-10-14T17:45:31.639075,peer_connect,N0128,N0146,CONN000436
EVT000437,2025-10-14T17:47:04.639075,peer_connect,N0131,N0129,CONN000437
EVT000438,2025-10-14T17:46:02.639075,peer_connect,N0142,N0130,CONN000438
EVT000439,2025-10-14T17:44:07.639075,peer_connect,N0146,N0136,CONN000439
EVT000440,2025-10-14T17:45:00.639075,peer_connect,N0144,N0139,CONN000440
EVT000441,2025-10-14T17:47:26.639075,peer_connect,N0147,N0139,CONN000441
